"","Tract Racial Majority","2010 Self-Response Rate","2020 Self-Response Rate","Tracts in 2010","Tracts in 2020"
"1","White",0.764136104448536,0.763149130277294,1189,1118
"2","No Majority",0.66720805890151,0.665249339891827,218,291
"3","Asian",0.631689121756487,0.606187524338712,6,9
"4","Hispanic",0.626197406493177,0.554567669149512,274,287
"5","Black",0.579360211417919,0.545325019260879,377,359
